,id,link_title,web_link,points
750,20624576,Turning a MacBook into a Touchscreen with $1 of Hardware (2018),www.anishathalye.com,1724
690,20643052,The Lonely Work of Moderating Hacker News,www.newyorker.com,1663
241,20783006,Introducing nushell,www.jonathanturner.org,1477
61,20826618,Google just deleted my nearly 10-year-old free and open-source Android app,medium.com,1400
540,20679133,Ebola Is Now Curable,www.wired.com,1232
780,20610839,All the best engineering advice I stole from non-technical people,medium.com,1230
360,20739629,I Miss Microsoft Encarta,www.hanselman.com,1198
660,20653453,Alan Kay's answer to ‘what are some forgotten books programmers should read?’,www.quora.com,1181
362,20740179,Information operations directed at Hong Kong,blog.twitter.com,1116
785,20610395,Terminating Service for 8Chan,new.blog.cloudflare.com,1098
120,20794937,What happens when you launch Google Chrome for the first time?,twitter.com,1041
363,20734384,How to Build Good Software,www.csc.gov.sg,1016
570,20676904,NULL license plate not such a bright idea,knrs.iheart.com,999
630,20662232,What Does a Coder Do If They Can't Type?,nsaphra.github.io,986
753,20625232,Yelp Is Replacing Restaurants’ Phone Numbers So Grubhub Can Take a Cut,www.vice.com,953
450,20713283,Japanese anime studio Khara moving to Blender,www.blender.org,937
240,20779964,Deconstructing Google’s excuses on tracking protection,freedom-to-tinker.com,918
480,20706702,Cloudflare S-1,www.sec.gov,915
781,20616055,8chan goes dark after hardware provider discontinues service,www.theverge.com,910
121,20813021,Please Add RSS Support to Your Site,kevq.uk,904
125,20810142,No More Cheap Shipping for Chinese Sellers,sellercentral.amazon.com,896
573,20672051,Python Is Eating the World,www.zdnet.com,879
571,20679387,Verizon to Sell Tumblr to Automattic,www.wsj.com,879
452,20711498,Tasty Seaweed Reduces Cows’ Methane Emissions by 99%,www.goodnewsnetwork.org,865
812,20605660,Hy,en.wikipedia.org,850
180,20794861,Things I Learnt from a Senior Software Engineer,neilkakkar.com,849
424,20724260,WeWTF,www.profgalloway.com,840
694,20641410,Linux Journal Ceases Publication: An Awkward Goodbye,www.linuxjournal.com,838
691,20643604,"AMD lands Google, Twitter as customers with newest server chip",www.reuters.com,837
601,20668578,US Navy will replace touchscreen with mechanical controls on its destroyers,www.theverge.com,822
871,20594802,"Standard Ebooks: Free public-domain ebooks, carefully produced",standardebooks.org,820
720,20637849,Why is modern web development so complicated?,www.vrk.dev,819
90,20821389,A man who destroyed his multimillion dollar company in 10 seconds (2018),thehustle.co,816
361,20735462,OpenDrop: An Open Source AirDrop Implementation,github.com,813
31,20835223,A deep dive into iOS Exploit chains found in the wild,googleprojectzero.blogspot.com,804
210,20786448,Software Architecture Guide,martinfowler.com,803
810,20606961,"Sites using Facebook ‘Like’ button liable for data, EU court rules",www.euractiv.com,802
600,20667031,Insect 'apocalypse' in U.S. driven by 50x increase in toxic pesticides: study,www.nationalgeographic.com,797
692,20649470,Apple Confirms $1M Reward for Anyone Who Can Hack an iPhone,www.forbes.com,773
274,20765521,Why All of Our Games Look Like Crap,jeff-vogel.blogspot.com,762
391,20727126,Tech Interview Handbook,yangshun.github.io,760
541,20687631,Fewer Than Half of Google Searches Now Result in a Click,sparktoro.com,755
901,20584937,Ugly Gerry – Font created from congressional districts,uglygerry.com,750
574,20676755,Why has examine.com disappeared from search results?,examine.com,750
453,20712762,A Walk in Hong Kong,idlewords.com,748
70,20826200,John Carmack on the Joe Rogan Experience [video],www.youtube.com,741
30,20839582,The Baseline Interpreter: A Faster JavaScript Interpreter in Firefox 70,hacks.mozilla.org,735
244,20779004,Google Doesn’t Want Staff Debating Politics at Work Anymore,www.bloomberg.com,731
811,20603567,Build Your Own Text Editor,viewsourcecode.org,711
421,20720095,I've reproduced 130 research papers about “predicting the stock market”,www.reddit.com,701
1,20847508,Ask HN: How Do You Read?,news.ycombinator.com,686
270,20770105,How to build a plugin system on the web and also sleep well at night,www.figma.com,685
752,20618930,Europe is edging towards making post-car cities a reality,www.economist.com,684
751,20627356,New York City Neighbors Build Cheaper Way to Connect to Web,www.wsj.com,683
695,20646350,"GitHub Actions now supports CI/CD, free for public repositories",github.blog,680
211,20781463,"Consume less, create more",tjcx.me,668
870,20590982,"Living Near Trees, Not Just Green Space, Improves Wellbeing",www.citylab.com,664
366,20740378,Kerbal Space Program 2,www.kerbalspaceprogram.com,661
92,20824984,MacBook Pro Keyboard Drives Me Crazy,ryanbigg.com,655
790,20614806,Why I Turned Down an AWS Job Offer,www.lastweekinaws.com,651
693,20647592,Facebook has been granted patent on shadow banning,patft.uspto.gov,650
754,20620545,The Linux kernel's inability to gracefully handle low memory pressure,lkml.org,647
243,20774322,Show HN: CLI tool for saving web pages as a single file,github.com,640
420,20726906,Start Your Own ISP,startyourownisp.com,635
364,20737304,"Every productivity thought I've ever had, as concisely as possible",guzey.com,634
273,20763961,Preindustrial workers worked fewer hours than today's (2009),groups.csail.mit.edu,630
543,20689949,"Milky Way’s Black Hole Just Flared, Growing 75 Times as Bright for a Few Hours",www.universetoday.com,610
245,20777206,Amazon has proven unable or unwilling to effectively police third-party sellers,www.wsj.com,604
474,20717886,Rails 6.0,weblog.rubyonrails.org,594
183,20790280,Ha-ha wall,en.wikipedia.org,592
602,20669171,Speaking to yourself in the third person makes you wiser,aeon.co,589
330,20748711,IBM Open-Sources Power Chip Instruction Set,www.nextplatform.com,587
60,20829039,Apple expands parts access to more independent repair businesses,www.apple.com,586
603,20670432,Paged Out – a new experimental magazine about programming,pagedout.institute,583
131,20806752,"Let's build houses for people, not cars",noparkinghere.com,577
365,20733648,We Have Ruined Childhood,www.nytimes.com,571
483,20710276,Decrement carbon: Stripe's negative emissions commitment,stripe.com,569
303,20759306,16M Americans will vote on hackable paperless machines,www.technologyreview.com,567
661,20657398,Home Chip Fab,sam.zeloof.xyz,566
900,20587440,Google and Mozilla are failing to support browser extension developers,armin.dev,563
631,20660634,A mathematician's way of converting miles to kilometers,twitter.com,558
808,20615019,There is no evil like reCAPTCHA,thestoic.me,557
390,20702929,Kaspersky AV injected unique ID allowing sites to track users in incognito mode,heise.de,552
662,20658739,Who Owns Huawei?,papers.ssrn.com,547
572,20678938,The Horror of Microsoft Teams,medium.com,544
331,20751164,Hundreds of extreme self-citing scientists revealed in new database,www.nature.com,541
813,20608032,Regex for Noobs – An Illustrated Guide,www.janmeppe.com,541
392,20728429,Apple will soon treat online web tracking the same as a security vulnerability,thenextweb.com,539
481,20706993,The IT Guy vs. the Con Artist,www.npr.org,536
783,20617325,"Death Note: L, Anonymity and Eluding Entropy (2017)",www.gwern.net,525
721,20640148,AMD Rome Second Generation EPYC Review: 2x 64-core Benchmarked,www.anandtech.com,525
782,20618086,Amazon Is a Monopoly,www.marketplacepulse.com,524
122,20812786,Time anxiety: is it too late?,nesslabs.com,518
100,20817101,WTF – A personal information dashboard for your terminal,wtfutil.com,518
510,20699002,Scientists Discover a Cure for the Deadliest Strain of Tuberculosis,www.nytimes.com,511
546,20688044,Show HN: Divjoy – React Codebase and UI Generator,divjoy.com,511
542,20685944,Proteins That May Restore Damaged Sound-Detecting Cells in the Ear,www.hopkinsmedicine.org,510
300,20760649,15 states are trying to make the electoral college obselete,www.nytimes.com,502
181,20792938,Banned C standard library functions in Git source code,github.com,502
153,20798322,Pronunciations for hexadecimal numbers (1968),twitter.com,497
304,20754364,"Turbo, an Improved Rainbow Colormap for Visualization",ai.googleblog.com,494
184,20791947,From Mac to Linux – the setup I've grown to love,shooting-unicorns.com,492
332,20745687,Time to Get Serious about Tick-Borne Diseases,blogs.scientificamerican.com,484
840,20592016,Pentagon testing mass surveillance balloons across the US,www.theguardian.com,483
136,20803817,Useless Windows 10 Features,www.howtogeek.com,480
271,20771784,Some Obscure C Features,multun.net,476
512,20700377,Mercedes-Benz pre-safe sound,www.mercedesbenzofnatick.com,474
2,20848581,"TSV Utilities: Command line tools for large, tabular data files",github.com,467
534,20693904,Psytrance Guide,psytranceguide.com,465
305,20760241,Researcher banned on Valve's bug bounty program publishes second Steam 0-day,www.zdnet.com,465
842,20600128,Why do developers at Google consider Agile development to be nonsense? (2016),www.quora.com,465
513,20692124,Planet: Imaging the entire Earth every day,nbremer.github.io,464
64,20832570,Software made me loathe my car,mikkel.hoegh.org,464
35,20836331,Dqlite – High-Availability SQLite,dqlite.io,463
491,20703721,CutiePi – All-in-one Raspberry Pi tablet,cutiepi.io,463
872,20589216,Knuth on Huang's Sensitivity Proof: “I've got the proof down to one page” [pdf],www.scottaaronson.com,462
757,20625547,Supercentenarians are concentrated into regions with no birth certificates,www.biorxiv.org,462
126,20812309,Anthony Levandowski Charged with Theft of Trade Secrets,www.nytimes.com,460
91,20821064,exFAT in the Linux kernel,cloudblogs.microsoft.com,454
791,20611539,Speed matters: Why working quickly is more important than it seems (2015),jsomers.net,453
894,20592384,"Programmers: Before you turn 40, get a plan B (2009)",improvingsoftware.com,452
788,20611270,Information Theory for Intelligent People (2018) [pdf],tuvalu.santafe.edu,451
489,20701671,"I completed Ultimate Go, took good notes and commented directly on source code",github.com,450
756,20627574,A Guide to Recording 660FPS Video on a $6 Raspberry Pi Camera,blog.robertelder.org,445
127,20802050,Super Mario 64 has been decompiled,github.com,445
394,20731160,YAML: Probably not so great after all,arp242.net,445
793,20611390,Rust Language Cheat Sheet,cheats.rs,444
301,20761449,Thoughts on Rust bloat,raphlinus.github.io,443
575,20670596,Google Chrome Incognito Mode Can Still Be Detected,www.bleepingcomputer.com,440
369,20728645,Rules for Intuitive UX,learnui.design,440
915,20585970,iTerm2 3.3,iterm2.com,439
242,20781610,Datadog S-1,www.sec.gov,437
517,20695806,The not so hidden cost of sharing code between iOS and Android,blogs.dropbox.com,436
376,20734956,Show HN: Chart.xkcd – Xkcd-styled chart library,github.com,435
511,20689675,Tell HN: Danny Cohen Has Died,news.ycombinator.com,432
547,20685951,Down the Rabbit-Hole,googleprojectzero.blogspot.com,430
545,20685950,Three Kinds of Good Tech Debt,engineering.squarespace.com,426
34,20839689,Facebook scans system libraries on Android and uploads them to their server,twitter.com,425
705,20648233,Uber Posts $5.2B Loss and Slowest Ever Growth Rate,www.nytimes.com,425
723,20639999,The Fully Remote Attack Surface of the iPhone,googleprojectzero.blogspot.com,425
663,20655710,Google to Offer a Best Price Guarantee on Certain Flights,www.blog.google,424
37,20838078,NPM Bans Terminal Ads,www.zdnet.com,424
396,20731206,The Architecture of Open Source Applications,www.aosabook.org,423
356,20745808,People love working remotely,usefyi.com,422
665,20649990,Berlin’s Popular Shopping Streets Will Go Car-Free,www.citylab.com,415
758,20625132,Toni Morrison Has Died,www.wsj.com,414
260,20775549,Sourcehut welcomes Bitbucket refugees,sourcehut.org,412
487,20706174,AI startup claims to automate app making but actually just uses humans,www.theverge.com,410
149,20809666,Ask HN: Recommended resources to learn the Linux kernel and OS theory?,news.ycombinator.com,408
731,20632771,Steam Windows Client Local Privilege Escalation 0day,amonitoring.ru,407
94,20824759,Hong Kong ISP Association’s Statement on Selective Blocking of Internet Services,www.hkispa.org.hk,406
486,20707895,"I wasn’t getting hired as a data scientist, so I sought data on who is",towardsdatascience.com,403
333,20743476,"Juul, Philip Morris Sued Under Racketeer Act for Targeting Kids",www.bloomberg.com,403
272,20772751,VMware Acquires Carbon Black for $2.1B and Pivotal for $2.7B,techcrunch.com,402
151,20795054,Zen 2 Missives – AMD now delivering efficiencies that are double that of Intel,apollo.backplane.com,402
182,20791775,Write your own Excel in F# (2018),tomasp.net,401
368,20718315,Performance Matters,www.hillelwayne.com,401
62,20829089,Is Perl 6 Being Renamed?,blogs.perl.org,399
485,20708928,People Simply Empty Out (1986),www.lettersofnote.com,399
672,20646540,Black Hat: GDPR privacy law exploited to reveal personal data,www.bbc.co.uk,397
759,20624140,Show HN: I trained a deep learning model to build sites for me,zecoda.com,397
484,20700914,WebKit Tracking Prevention Policy,webkit.org,397
372,20740626,Removing Coordinated Inauthentic Behavior from China,newsroom.fb.com,396
792,20610662,Calculus For The People,www.geogebra.org,396
548,20679231,Anxiety Looks Different in Men,wsj.com,395
538,20694275,"Yield Curves Invert in U.S., U.K",www.bloomberg.com,395
482,20709393,Amazon offered ‘Amazon’s Choice’ to vendors who bought ads and lowered prices,digiday.com,395
251,20767183,CyberChef – Cyber Swiss Army Knife,gchq.github.io,394
507,20705471,Rust 1.37.0,blog.rust-lang.org,393
722,20638315,A Boeing Code Leak Exposes Security Flaws Deep in a 787's Guts,www.wired.com,391
129,20804582,Ask HN: Best resources to gain math intuition?,news.ycombinator.com,389
322,20755897,Mozilla takes action to protect users in Kazakhstan,blog.mozilla.org,388
515,20698721,Anime4K: Real time high quality video upscaling,github.com,387
742,20632942,Wine on Windows 10,reddragdiva.dreamwidth.org,386
306,20760324,Building a distributed time-series database on PostgreSQL,blog.timescale.com,383
591,20672890,Xfce 4.14,xfce.org,380
338,20749907,"Most startup theory is ex-post, therefore bs",shafyy.com,379
96,20819237,Lessons from Stripe,markmcgranaghan.com,378
123,20813557,Show HN: Wave-based non-line-of-sight computational imaging in Julia,www.analytech-solutions.com,375
346,20746737,‘They Get Fired All the Time. And They Have No Idea Why’,www.institutionalinvestor.com,374
666,20650070,9th Circuit says users can sue Facebook over unlawful use of facial recognition,www.aclu-il.org,373
40,20833639,Linux kernel drivers in Rust might become an option in the future,lwn.net,372
725,20636152,MoviePass Worked Out Great,www.bloomberg.com,372
302,20751949,A Beginner’s Introduction to Python Web Frameworks (2018),stxnext.com,371
904,20584311,Ask HN: Who is hiring? (August 2019),news.ycombinator.com,370
726,20634409,Show HN: Data Structures and Algorithms in JavaScript,github.com,369
577,20666871,Await in Rust,docs.rs,368
457,20713003,Cool but obscure X11 tools,cyber.dabamos.de,368
816,20606362,Elsevier threatens others for linking to Sci-Hub but does so itself,eve.gd,362
673,20650069,"Group sex app leaks locations, pics and personal details",www.pentestpartners.com,362
707,20641424,Apple Is Locking iPhone Batteries to Discourage Repair,www.ifixit.com,361
890,20594632,“I would like to maintain the floppy driver”,lore.kernel.org,361
108,20816470,Fracking in North America could be partly to blame for methane spike – study,www.newsweek.com,359
68,20834379,Flawed Algorithms Are Grading Millions of Students’ Essays,www.vice.com,358
876,20588135,35 Over 35,theamericanscholar.org,358
786,20619715,U.S. Designates China as Currency Manipulator,www.wsj.com,357
359,20745393,Sunsetting Mercurial Support in Bitbucket,bitbucket.org,357
374,20732338,Open letter from an Android developer to the Google Play team,medium.com,357
3,20847943,"Cue – A language for defining, generating, and validating data",cuelang.org,354
367,20738606,How Rust optimizes async/await,tmandry.gitlab.io,351
544,20680050,One City Saved $5M by Routing School Buses with an Algorithm,www.routefifty.com,350
451,20719095,Async-std: an async port of the Rust standard library,async.rs,349
794,20614847,RegExr,regexr.com,349
875,20596454,The Art of Warez [video],vimeo.com,349
615,20665225,Get your work recognized: write a brag document,jvns.ca,347
698,20642423,"One job, many roles: The different skills needed to be a successful CTO",madewithlove.be,346
277,20766443,Productivity and the Workweek (2000),groups.csail.mit.edu,345
379,20734527,Nigerian Teens Are Making Sci-Fi Shorts with Slick Visual Effects,kottke.org,343
422,20721736,The most frequent 777 characters give 90% coverage of Kanji in the wild,japanesecomplete.com,342
880,20591609,Contributing to the Mozilla code base,developer.mozilla.org,342
907,20582844,The Lost Art of Lacing Cable (2018),www.thebroadcastbridge.com,340
488,20705173,Martini: Real-Time Terrain Mesh Generator,observablehq.com,339
459,20713672,The Impact of Meditating Every Day,pascalprecht.github.io,339
258,20779868,Software was eating the world – now landlords are eating everything,medium.com,338
75,20824713,IBM has released the Power Architecture instruction set to the Linux Foundation,www.eejournal.com,337
276,20762789,"Plastics: What's Recyclable, What Becomes Trash and Why",apps.npr.org,336
604,20665417,"Uber, losing billions, freezes engineering hires",arstechnica.com,335
349,20749630,IRS budget cuts cost $34.3B in lost revenue from big business,www.accountingtoday.com,335
337,20736277,Calculus Is Deeply Irrational,mathenchant.wordpress.com,335
902,20585447,Every Noise at Once,everynoise.com,333
762,20627863,AT&T employees were bribed to install phone unlocking malware on company network,www.geekwire.com,332
637,20663997,The Problem at Yale Is Not Free Speech,palladiummag.com,332
738,20609676,Silk,weavesilk.com,332
175,20800832,Beyond Meat and KFC partner to test fried plant-based ‘chicken’,www.theverge.com,331
537,20694384,The We Company S-1,www.sec.gov,330
247,20780939,How to return to the flow faster,codejamming.org,330
0,20837663,"The Paxos Algorithm, or How to Win a Turing Award",lamport.azurewebsites.net,328
514,20695498,Attorney General Barr and Encryption,www.schneier.com,328
425,20720630,Making email more modern with JMAP,fastmail.blog,327
766,20629325,FFmpeg 4.2,ffmpeg.org,327
308,20758891,WebAssembly Interface Types: Interoperate with All the Things,hacks.mozilla.org,324
755,20620102,"Roblox hits 100M monthly active users, bigger than Minecraft",techcrunch.com,324
99,20820036,Words that do Handstands,hardmath123.github.io,324
293,20764505,How Men’s Bodies Change When They Become Fathers,parenting.nytimes.com,323
841,20595658,Misconfigured Jira instances exposed data of hundreds of Fortune 500 companies,medium.com,322
633,20664553,"Companies Use Borrowed Billions to Buy Back Stock, Not to Invest",www.bloomberg.com,322
696,20649247,NY State alleges ExxonMobil knew risks of climate change and defrauded investors,www.esquire.com,321
456,20710509,New React DevTools,reactjs.org,321
128,20813899,WeWork Gets Tax Rebate Meant for Its Small-Business Tenants,www.bloomberg.com,319
789,20615084,Administration Using the Full Power of the Surveillance State on Whistleblowers,theintercept.com,318
124,20812294,A book from Alan Turing and a mysterious piece of paper,blog.stephenwolfram.com,316
769,20621769,How to get your first ten customers (2013),danshipper.com,314
214,20789771,Does the Amazon provide 20% of our oxygen?,www.yadvindermalhi.org,313
71,20830665,Uber proposes policy that would pay drivers a minimum wage of $21 per hour,techcrunch.com,312
282,20765117,The Most Dangerous Writing App,maebert.github.io,311
389,20736573,Why Did China Just Devalue the Yuan? How Trade Works with Free-Floating Currency,www.cassandracapital.net,311
730,20630319,Arend: Theorem Prover Based on Homotopy Type Theory by JetBrains,arend-lang.github.io,309
787,20614995,BlazingSQL is Now Open Source,blog.blazingdb.com,307
455,20715476,Key Negotiation of Bluetooth Attack,knobattack.com,306
32,20842956,"On-Device, Real-Time Hand Tracking with MediaPipe",ai.googleblog.com,306
393,20732867,Dirty tricks 6502 programmers use,nurpax.github.io,305
892,20593436,"Insured price $2,758, cash price $521",www.latimes.com,305
784,20615126,Germans Grow Frustrated with Their Slow-Poke Internet,www.wsj.com,304
63,20830037,Building a Raspberry Pi 3B+ full keyboard handheld,0x0f0f0f.github.io,303
429,20725311,Show HN: Saag as a Service – macronutrient-portioned Indian spinach curry,saag.pashi.com,303
596,20672260,Social exclusion fuels extremism in young men,neurosciencenews.com,302
72,20818177,"CamScanner, a malicious Android app with more than 100M downloads in Google Play",www.kaspersky.com,301
154,20798042,Moscow's blockchain voting system cracked a month before election,www.zdnet.com,301
46,20842784,Anna Karenina Principle,en.wikipedia.org,299
150,20796446,QEMU VM Escape,blog.bi0s.in,298
724,20639843,Inflated Bond Ratings Helped Spur the Financial Crisis. They’re Back,www.wsj.com,298
878,20595972,Medieval people bathed regularly,going-medieval.com,298
917,20581761,Devilution – A web port of the original Diablo game,diablo.rivsoft.net,297
266,20776815,Cooling a house without air conditioning,www.bbc.com,296
69,20827574,3.8M-year-old skull of an early ape-like human ancestor discovered in Ethiopia,www.bbc.co.uk,296
490,20696032,Huawei Technicians Helped African Governments Spy on Political Opponents,www.wsj.com,295
109,20823565,TypeScript 3.6,devblogs.microsoft.com,295
377,20715136,The answer to “Will you mentor me?” is no (2010),pindancing.blogspot.com,294
727,20640114,"How to Measure Indoor Air Quality with a Raspberry Pi, RuuviTags and PMS7003",joshefin.xyz,292
321,20759066,WeWork Isn’t a Tech Company,hbr.org,292
370,20741312,Why Const Doesn't Make C Code Faster,theartofmachinery.com,291
41,20835428,Verified by Twilio,www.twilio.com,291
397,20728288,Python vs. Rust for Neural Networks,ngoldbaum.github.io,290
460,20717428,Big Coal Plants Begin to Close,www.scientificamerican.com,289
461,20711508,Aussie ISV buys ads to wake up Google support,www.crn.com.au,288
528,20672605,The Feynman Lectures on Physics: Algebra (1963),www.feynmanlectures.caltech.edu,288
664,20656680,Coinbase: Responding to Firefox 0-days in the wild,blog.coinbase.com,288
134,20799024,Gamedev Tutorial: Trigonometry Basics – Sine and Cosine,allenchou.net,287
899,20591071,Secretly Public Domain: Most books published in the US before 1964,www.crummy.com,286
437,20723366,Show HN: ClojureScript pixel game engine with Blender live-reloading,mccormick.cx,285
518,20696931,Lisp is not based on the Lambda Calculus,danielsz.github.io,285
882,20582836,Alphabet overtakes Apple to become most cash-rich company,www.theverge.com,284
683,20656929,Rice University researchers propose a way to boost solar efficiency,polyarch.co,283
185,20790857,Using Backblaze B2 and Cloudflare Workers for free image hosting,blog.jross.me,282
586,20667774,The worst sales promotion in history: Hoover's free flight fiasco,thehustle.co,281
632,20645914,The Door Problem of Combat Design,gamasutra.com,281
66,20830069,Wikipedia Is Now a Brave Verified Publisher,brave.com,281
430,20721609,Google Plans to Deprecate FTP URL Support in Chrome,www.pulltech.net,280
844,20599575,Killing a process and all of its descendants,morningcoffee.io,280
115,20817627,"Show HN: I created Postwoman, an online, open-source API request builder",www.indiehackers.com,280
275,20772416,The Many Possibilities of iMessage File Vulnerability,googleprojectzero.blogspot.com,279
4,20845112,The design of littlefs: A fail-safe filesystem designed for microcontrollers,github.com,278
237,20783339,Ask HN: What's the best setup for ad blocking and tracker blocking?,news.ycombinator.com,277
152,20791174,Rabbit Holes: The Secret to Technical Expertise,blog.bityard.net,276
165,20798003,Show HN: I made a CRM system to make sales fun,wobaka.com,275
796,20612791,Syslog: Complete System Administrator Guide,devconnected.com,274
326,20753400,My Sudden Trip to Hell,www.linkedin.com,273
310,20754763,Why does all life use the same 20 amino acids?,www.chemistryworld.com,272
760,20626350,Toshiba Introduces New Tiny NVMe SSD Form Factor,www.anandtech.com,271
874,20582634,John Carmack on Parallel Implementations (2018),sevangelatos.com,271
552,20681316,GNU Radio 3.8,www.gnuradio.org,268
89,20818106,Ask HN: How do you handle logging?,news.ycombinator.com,268
307,20751045,The GitHub registry public beta is live,help.github.com,268
873,20595153,A practical guide to CSS transitions and animations,blog.prototypr.io,267
428,20720513,U.S. Farmers Stung by Tariffs Now Face a $3.5B Corn Loss,www.bloomberg.com,267
737,20629567,Facebook Hit by Apple’s Crackdown on Messaging Feature,www.theinformation.com,267
281,20767891,Privacy Sandbox – Open standards to enhance privacy on the web,www.blog.google,266
250,20773992,Transformers from Scratch,www.peterbloem.nl,265
549,20689932,"We Made Amiga, They Fucked It Up (2015)",www.filfre.net,265
795,20610474,Memory Management in Python,rushter.com,265
413,20731339,Die With Me – A chat app you can only use when you have less than 5% battery,apps.apple.com,265
246,20779097,"Now Bigger Than eBay, Shopify Sets Its Sights on Amazon",www.ft.com,265
805,20614129,Let's Build a Video Card,eater.net,264
95,20818915,"Pastel: A command-line tool to generate, analyze, convert and manipulate colors",github.com,264
355,20743594,Pagemap: A mini map for your website,larsjung.de,264
554,20680559,Minify Your SVGs,victorzhou.com,264
343,20746346,Yubico launches its dual USB-C and Lightning two-factor security key,techcrunch.com,263
580,20675056,A Bloomberg reporter’s account of trying to get back his name and credit rating,www.bloomberg.com,261
130,20803879,Opioid crisis: Johnson and Johnson hit by landmark ruling,www.bbc.com,261
678,20650748,"Big Pharma is using faux generics to keep drug prices high, critics say",arstechnica.com,260
918,20573316,Tokyo's audiophile venues (2016),www.residentadvisor.net,260
423,20719348,Japan surpasses China as largest foreign holder of US Treasurys,www.cnbc.com,260
373,20738077,Statement on the Purpose of a Corporation,www.businessroundtable.org,258
592,20673409,Spying on HTTPS,textslashplain.com,257
398,20731644,"Why doesn't mathematics collapse, though humans often make mistakes in proofs?",mathoverflow.net,256
729,20636432,Hackers ship their exploits directly to their target’s mailroom,techcrunch.com,256
159,20796427,Major book publishers sue Amazon’s Audible over new speech-to-text feature,www.theverge.com,256
435,20722858,Hacking the Sonos IKEA Symfonisk into a High Quality Speaker Amp,makezine.com,255
675,20655017,Kubernetes Security Assessment [pdf],github.com,255
821,20609278,“Culture fit” is a two way street (2018),rachelbythebay.com,255
93,20822182,What Happens When You ACH a Dead Person?,www.moderntreasury.com,254
831,20603739,Google search takes 7 seconds on certain queries,twitter.com,254
38,20837753,Go Module Mirror and Checksum Database Launched,blog.golang.org,254
921,20585074,High levels of oestrogens in the womb linked to autism,www.sciencedaily.com,253
427,20721715,Alone in the Dark,www.filfre.net,253
550,20681954,The fungus that devastates the Cavendish banana has now arrived in Latin America,www.nationalgeographic.com,253
576,20679800,Metal shards from Boeing 787 taking off over Rome rain down on people below,www.independent.co.uk,253
556,20686727,The “terrible” 3 cent MCU – a short survey of sub $0.10 microcontrollers,cpldcpu.wordpress.com,252
471,20710467,The Order of the JSON,blog.almaer.com,252
264,20779142,"In effect, Seattle is decriminalizing the use of hard drugs",www.nytimes.com,252
516,20691283,FAA Bans Recalled Apple Laptops from Flights,www.bloomberg.com,251
186,20794541,Salsify – A New Architecture for Real-time Internet Video,snr.stanford.edu,250
324,20752116,Walmart sues Tesla over fires at stores fitted with its solar panels,www.reuters.com,248
522,20696343,Danish bank launches negative interest rate mortgage,www.theguardian.com,248
677,20653316,Open-source firmware,mullvad.net,247
736,20634100,Technical Vision for Qt 6,blog.qt.io,247
551,20687398,"Show HN: Yack – Community Browser for Hacker News, Reddit, YouTube and More",yack.io,246
314,20754592,A dream of an ultimate OS (1995),okmij.org,246
334,20751074,A Primer on Bézier Curves (2013),pomax.github.io,243
73,20825502,Bontrager’s WaveCel material more effective at preventing concussions than MIPS,pelotonmagazine.com,242
702,20643928,The Death of Social Reciprocity in the Era of Digital Distraction,blogs.scientificamerican.com,242
519,20694944,Amazon wants to control third-party sellers’ product pricing,www.modernretail.co,242
922,20587393,PartiQL: One query language for all your data,aws.amazon.com,241
503,20684411,A bug I wish I hadn't caught,roganmurley.com,241
132,20812442,A mobile phone that respects your freedom [video],media.ccc.de,241
313,20758896,Cloud Run Button: Click-to-deploy your Git repos to GCP,cloud.google.com,241
567,20687521,My Home Lab Server with 20 Cores / 40 Threads and 128 GB Memory,louwrentius.com,239
103,20821810,GCC null pointer check removed,gcc.gnu.org,239
407,20728437,"In the US, it's cheaper to build and operate wind farms than buy fossil fuels",arstechnica.com,238
248,20782943,WiringPi – deprecated,wiringpi.com,238
148,20800115,Credit cards have a privacy problem,www.washingtonpost.com,238
283,20772351,"Starbucks, monetary superpower",jpkoning.blogspot.com,238
395,20728882,Building ages in the Netherlands,parallel.co.uk,237
156,20802594,Huawei Seeks Independence from the US with RISC-V and Ascend Chips,www.tomshardware.com,237
618,20666060,"Black Hat Talk About ‘Time AI’ Causes Uproar, Is Deleted by Conference",www.vice.com,237
558,20676959,"The hypersane are among us, if only we are prepared to look",aeon.co,237
12,20844978,Why I like Clojure,sulami.github.io,237
728,20639325,Cybersecurity Pros Name Their Price as Hacker Attacks Swell,www.bloomberg.com,236
344,20742965,GCP to introduce an additional charge for publicly addressed VM instances,cloud.google.com,236
469,20715670,YouTube shuts down music companies’ use of manual copyright claims,techcrunch.com,236
595,20672436,Poetry: Dependency Management for Python,poetry.eustace.io,236
33,20841059,"Protocols, Not Platforms: A Technological Approach to Free Speech",knightcolumbia.org,235
824,20604119,Artichoke – A Ruby made with Rust,github.com,234
215,20789187,Apollo Guidance Computer switching power supply works after 50 years,www.righto.com,234
593,20673506,Monads as a Programming Pattern,samgrayson.me,233
629,20669504,Denial of H1-B visas to India’s largest IT services exporters at all-time high,economictimes.indiatimes.com,233
158,20800157,Show HN: Zero-Config Documentation Websites for Python,timothycrosley.github.io,233
735,20634715,"Show HN: We track Reddit, Google trends, Twitter, etc. to find trending topics",meetglimpse.com,232
718,20642777,Advice to my younger self: become allergic to the churn,lambdaisland.com,231
216,20790129,"Show HN: Sourcery – get a free, self-updating website",sourceryapp.com,230
67,20811287,"Show HN: Lunch Money, a personal budgeting tool with multi-currency support",lunchmoney.cc,229
335,20743339,New Life Found That Lives Off Electricity (2016),www.quantamagazine.org,229
371,20739408,Cerebras Systems unveils a 1.2T transistor chip for AI,venturebeat.com,227
426,20725268,Software architects should be involved in earliest system engineering activities,insights.sei.cmu.edu,225
284,20765187,Using TypeScript with React,simonknott.de,225
36,20842400,BMW unveils car sprayed with Vantablack,www.dezeen.com,224
815,20607259,We shouldn’t take peer review as the ‘gold standard’,www.washingtonpost.com,224
454,20717240,Launch HN: SannTek (YC S19) – Breathalyzer for Cannabis,news.ycombinator.com,224
107,20820173,The Myth of Consumer-Grade Security,www.schneier.com,224
473,20716071,Nvidia CEO says Google is the only customer building its own silicon at scale,www.cnbc.com,222
700,20644038,Racket: Lisp for Learning,lwn.net,221
231,20784964,Ask HN: How to be less argumentative online?,news.ycombinator.com,221
470,20711766,Insurance Companies Are Paying Cops to Investigate Their Own Customers,www.buzzfeednews.com,221
279,20771375,Stand Out as a Speaker,science.sciencemag.org,220
634,20663986,Creeping normality,en.wikipedia.org,218
212,20787188,NASA said to be investigating first allegation of a crime in space,www.bbc.co.uk,218
328,20759301,Germany for First Time Sells 30-Year Bonds Offering Negative Yields,www.wsj.com,218
492,20701644,America’s elderly seem more screen-obsessed than the young,www.economist.com,216
912,20579652,Alarming surge in drug-resistant HIV uncovered,www.nature.com,215
294,20768603,Levenshtein Distance,en.wikipedia.org,215
797,20598907,Punpedia – The Online Encyclopedia of Puns,punpedia.org,215
564,20666095,Legit-Looking iPhone Lightning Cables Will Hijack Your Computer,www.vice.com,215
606,20667650,Open Startups List,open-startups.xyz,215
432,20725910,The first solar road has turned out to be a disappointing failure,www.sciencealert.com,214
8,20843076,Facial recognition: School ID checks lead to GDPR fine,www.bbc.com,214
740,20633081,Twitter confesses to more adtech leaks,techcrunch.com,214
699,20641551,What has to happen with Unix virtual memory when you have no swap space,utcc.utoronto.ca,214
173,20796290,Elon Musk Gambled Tesla to Save SolarCity,www.vanityfair.com,213
703,20646017,How the new open-source typeface used by GitHub and Mozilla came to be,www.figma.com,213
312,20762031,Splunk acquires cloud monitoring service SignalFx for $1.05B,techcrunch.com,213
681,20651510,"Swap, swap, swap, and bad places to work",rachelbythebay.com,213
162,20797521,Interviews with programming language creators (2010) [pdf],www.math.bas.bg,212
836,20607624,Activision Blizzard has moved billions of dollars of profit into tax havens,www.taxwatchuk.org,212
21,20847752,How to Make Billions of Dollars Reducing Loneliness,www.lesswrong.com,212
771,20625440,Seashells – Pipe output from command-line programs to the web in real time,seashells.io,212
520,20698323,WeWork IPO Shows It's the Most Magical Unicorn,www.bloomberg.com,212
133,20804847,Experimental USAF space plane breaks record for orbital spaceflight,techcrunch.com,212
616,20668168,What I Do as a DevOps Consultant,ilhicas.com,211
286,20764355,Making containers safer,lwn.net,211
667,20653394,The Erlang Rationale,rvirding.blogspot.com,211
893,20590748,Apple suspends Siri response grading in response to privacy concerns,techcrunch.com,210
847,20600195,The Tragedy of UCS-2,unascribed.com,208
568,20686178,Crispr pioneer among University of California researchers boycotting Elsevier,www.chemistryworld.com,208
674,20656241,‘No One Saw a Thing’: When a Midwest Town Banded Together to Kill the Town Bully,www.thedailybeast.com,207
195,20789786,What Makes a Good Conversation?,www.abigailsee.com,207
405,20728019,Ruffle – An Adobe Flash Player Written in Rust Compiled to WebAssembly,github.com,206
498,20705755,Hedonometer,hedonometer.org,206
316,20760195,GitHub Supports Web Authentication (WebAuthn) for Security Keys,github.blog,206
475,20710839,Twelve LaTeX packages to get your paper accepted (2017),andreas-zeller.blogspot.com,205
6,20847996,A Manager’s Guide to Kubernetes Adoption,unixism.net,205
896,20591644,Typed Properties in PHP 7.4,stitcher.io,205
905,20586839,A Readable Specification of TLS 1.3,davidwong.fr,204
697,20646841,Who Owns Your Wireless Service? Crooks Do,krebsonsecurity.com,204
98,20823774,Feds ordered Google location dragnet to solve Wisconsin bank robbery,www.theverge.com,204
289,20772053,Things to Know About GNU Readline,twobithistory.org,204
309,20759219,Mortgage Market Reopens to Risky Borrowers,www.wsj.com,203
164,20800708,Recognizing the signs of disruption in our urban habitat,www.strongtowns.org,203
311,20759434,Acute Effects of Electronic Cigarette Aerosol Inhalation on Vascular Function,pubs.rsna.org,203
441,20721448,NOAA Data Confirms July Was Hottest Month Ever Recorded,www.nytimes.com,203
236,20785616,JavaScript: The Modern Parts,amontalenti.com,203
494,20708598,Google Warns Developers That All New Android Apps Require 3 Days for Approval,www.choiceofgames.com,203
263,20775773,Rust GUI ecosystem overview,gitlab.com,203
155,20802326,How Does Esperanto Sound?,martinrue.com,203
635,20653414,How Command and Conquer: Tiberian Sun punished the computers of the day [video],arstechnica.com,202
676,20650215,What’s the difference between statistics and machine learning?,thestatsgeek.com,202
24,20844363,Dropbox no longer follows symlinks to items outside of your Dropbox account,help.dropbox.com,202
802,20615816,Climate change made European heatwave up to 3°C hotter,www.nature.com,202
765,20627903,Unison File Synchronizer,www.cis.upenn.edu,201
566,20683495,Michael Cicconetti,en.wikipedia.org,201
257,20771604,OpenGPT-2: We Replicated GPT-2 Because You Can Too,medium.com,201
839,20608410,Practical Tips for Facelifting a Tech Resume,cvcompiler.com,200
47,20820016,Natural Language Processing: The Age of Transformers,blog.scaleway.com,200
53,20836825,The Portuguese Bank Note Crisis of 1925,en.wikipedia.org,200
881,20589397,California farmers are planting solar panels as water supplies dry up,www.latimes.com,199
9,20844346,YouTube Said to Be Fined Up to $200M for Children’s Privacy Violations,www.nytimes.com,199
78,20832798,Microsoft Is Killing ePub Support in Edge Classic,www.thurrott.com,198
611,20670235,Ask HN: Configuration Management for Personal Computer?,news.ycombinator.com,198
190,20790681,Intel and Rust: The Future of Systems Programming [video],m.youtube.com,198
843,20601054,From 30 to 230 Docker containers per host,sven.stormbind.net,197
375,20736586,Wireless Carrier Throttling of Online Video Is Pervasive: Study,www.bloomberg.com,197
170,20797343,How do black holes destroy information and why is that a problem?,backreaction.blogspot.com,197
5,20848334,Waypipe: GSoC Project Complete,lists.freedesktop.org,196
712,20646918,Launch HN: Quirk (YC S19) – Open-Source Cognitive Behavioral Therapy,news.ycombinator.com,196
49,20837554,Boeing's Crashes Expose Systemic Failings,www.spiegel.de,195
887,20589087,Goldman Sachs is spending $100M to shave milliseconds off stock trades,www.cnbc.com,195
845,20598025,Bad Times in Tech? Not If You’re a Startup Serving Other Startups,www.nytimes.com,194
219,20787021,Why did Turbo Pascal apps fail with a division-by-zero on faster systems?,retrocomputing.stackexchange.com,193
521,20698966,Show HN: StoryTime – Create stories about your code instead of documentation,storytime.dev,193
318,20741358,One of the greatest science fiction magazines is now available online (2017),www.theverge.com,193
431,20720922,Nixery: Transparently build and serve containers using Nix,github.com,192
913,20562291,Most internet service providers are gone – Sonic has survived and thrived,www.sfchronicle.com,192
339,20751186,Where do interrupts happen?,travisdowns.github.io,192
336,20744257,On-disk format robustness requirements for new filesystems,lwn.net,192
399,20730675,Giving up on Julia (2016),www.zverovich.net,192
927,20576162,The Ethics of Web Performance,timkadlec.com,191
140,20804758,Keeping Tesla Roadsters Alive Is Serious Work,www.roadandtrack.com,191
278,20773242,Oracle directors give blessing to shareholder lawsuit against Larry Ellison,techcrunch.com,191
911,20579868,LF: Fully Decentralized Fully Replicated Key/Value Store,github.com,191
775,20625181,A Quarter of Humanity Faces Looming Water Crises,www.nytimes.com,190
238,20785952,PacVim – PacVim is a game that teaches you vim commands,github.com,190
588,20676531,Why Does Infrastructure Cost So Much?,www.strongtowns.org,189
401,20730543,Laws of Showrunning (2016) [pdf],okbjgm.weebly.com,189
102,20819902,Possible detection of a black hole with a mass that was thought to be impossible,www.quantamagazine.org,189
523,20699923,Launch HN: Dex (YC S19) – personal CRM that reminds you to keep in touch,news.ycombinator.com,189
174,20794033,A Buddhist monk confronts Japan's suicide culture (2013),www.newyorker.com,189
187,20790600,The flawed three-cueing system for teaching reading,www.apmreports.org,187
581,20677822,Home 3D metal printing: first results,incoherency.co.uk,187
444,20725409,São Paulo’s Outdoor Advertising Ban (2016),99percentinvisible.org,185
493,20700810,Google Forcing Nest Cameras’ Visual Indicator Light To Be On,www.mattcrampton.com,185
903,20585391,The Flawed Reasoning Behind the Replication Crisis,nautil.us,185
39,20839870,Sugar: Open-source software learning platform for children,sugarlabs.org,185
348,20744925,Open Location Code: An Open Source Standard for Addresses,github.com,184
684,20648974,'It's crazy': Chase forgiving all debt owed by its Canada credit card customers,www.cbc.ca,184
710,20641893,Computer Science Illustrated (2014),csillustrated.berkeley.edu,184
433,20724672,Parsing JSON Is a Minefield (2018),seriot.ch,183
851,20598912,I found an easter egg from 1977,selectbutton.net,183
403,20717060,The interviewer skills ladder for high growth companies,medium.com,182
680,20653942,Show HN: Tailwind.run – An Online Playground for Tailwind CSS,tailwind.run,181
17,20845327,What to do once you admit that decentralization never seems to work (2018),hackernoon.com,181
668,20657308,Hundreds of exposed Amazon cloud backups found leaking sensitive data,techcrunch.com,181
553,20689574,Removing One Maine Dam 20 Years Ago Changed Everything,therevelator.org,180
285,20770195,Nonplanar Printing,tams.informatik.uni-hamburg.de,180
191,20790545,Why didn't the Romans contribute much to mathematics?,old.reddit.com,180
340,20751638,Bulk Data Structures C++,gamasutra.com,179
85,20817083,Exploring Weight Agnostic Neural Networks,ai.googleblog.com,179
97,20818618,Have You Ever Tried to Sell a Diamond? (1982),www.theatlantic.com,179
883,20589102,Big O Notation – Using not-boring math to measure code’s efficiency,www.interviewcake.com,178
646,20663538,Cisco is making it more difficult to use used hardware,www.ifixit.com,178
614,20652981,How shrinkflation is playing havoc with economists’ models,www.economist.com,178
585,20671511,Rotten Apple: Right to Repair Roundup,www.nakedcapitalism.com,177
524,20698793,Tumblr,avc.com,177
906,20587812,DoorDash Buying Caviar from Square for $410M,www.prnewswire.com,177
623,20661178,Daniel Radcliffe and the Art of the Fact-Check (2018),www.newyorker.com,177
701,20642156,Svalbard is as close as you can get to a place with open borders,www.thenation.com,177
189,20774410,Dyson Tree,en.wikipedia.org,176
764,20619773,How I finally won my name from domain resellers after nine years of waiting,jerryalex.com,176
655,20659901,FBI tells lawmakers it can't access Dayton gunman's phone,thehill.com,175
43,20826990,Children of a Thailand tribe who see with clarity beneath the waves (2016),www.bbc.com,175
814,20604901,Franky Zapata: Flyboarding Frenchman crosses English Channel,www.bbc.co.uk,175
256,20772453,Dignity,www.lastwordonnothing.com,174
597,20660896,Teen Hacker Finds Bugs in School Software That Exposed Millions of Records,www.wired.com,174
253,20773550,A Pissed-Off Tutorial for Google Wave (2010) [video],www.youtube.com,174
200,20791582,I Took a Pay Cut for a More Meaningful Job,www.fastcompany.com,174
641,20662167,IBM Stops Buybacks to Pay for Red Hat,investorplace.com,173
636,20663459,Parallelism in PostgreSQL,www.percona.com,173
682,20643573,Tech backlash has come to Stanford,slate.com,173
506,20706242,"Google’s rivals opt out of search engine auction, calling it ‘anti-competitive’",venturebeat.com,173
145,20814426,Peloton S-1,www.sec.gov,173
819,20607521,Why a mock doesn’t work,nedbatchelder.com,173
656,20660689,Patterns on goods designed to trigger Automated License Plate Readers,adversarialfashion.com,171
80,20814774,Show HN: TeXnique – A LaTeX Typesetting Game,texnique.xyz,170
295,20766283,Upmem Puts CPUs Inside Memory to Allow Applications to Run 20 Times Faster,www.hpcwire.com,170
229,20786829,"More Fires Now Burning in Angola, Congo Than Amazon",www.bloomberg.com,170
645,20663777,Telegram introduces feature to prevent users from texting too often in a group,techcrunch.com,170
555,20689666,Somehow I Became Respectable,www.theparisreview.org,170
222,20784639,How to become a great impostor,theconversation.com,169
198,20774802,Seattle's 'microtransit' experiment drives people to light rail,crosscut.com,169
749,20636805,Basic Electron Framework Exploitation,www.contextis.com,169
135,20809247,Helsinki Central Library chosen as the best new public library,www.oodihelsinki.fi,169
798,20616516,SpaceX Smallsat Rideshare Program,www.spacex.com,169
688,20650564,Personal Website for Programmers,github.com,169
357,20743292,Startups from Y Combinator’s S19 Demo Day 1,techcrunch.com,169
468,20720111,Highlights from Git 2.23,github.blog,168
167,20784387,Show HN: YouTube Decade – The most-viewed videos posted 10 years ago,youtubedecade.netlify.com,168
227,20786981,Standard JS: npm install funding,github.com,168
499,20692794,Mapped: The world’s coal power plants,www.carbonbrief.org,168
884,20589738,Kept alive with tubes for nearly 17 years,www.latimes.com,168
143,20810125,Lessons we learned when debugging a scaling problem,about.gitlab.com,167
583,20659751,P++ idea: FAQ,wiki.php.net,167
288,20768365,Show HN: Scarf – Platform to help open-source developers monetize their work,scarf.sh,167
708,20642141,Old Paris Is No More,www.laphamsquarterly.org,167
161,20796948,Spacebook: AGI's near Real-Time satellite viewer,apps.agi.com,167
194,20791049,The Path to Dijkstra’s Handwriting (2013),joshldavis.com,167
638,20657304,Ted Chiang: Realist of a Larger Reality,www.publicbooks.org,167
650,20651658,Escape rooms are big business,www.vox.com,166
10,20848169,Alcohol Belts of Europe,en.wikipedia.org,166
466,20712646,Dependent Haskell Is the Future (2018),serokell.io,166
160,20798298,North American versus European distribution systems (2011),electrical-engineering-portal.com,166
778,20622324,Social share buttons that don't allow the social sites to track your users,github.com,166
761,20619882,Nutrient deficiencies in rice grown under higher carbon dioxide,phys.org,165
299,20766208,The body is the missing link for truly intelligent machines (2017),aeon.co,165
648,20660403,Electric motor design claims remarkable improvements,newatlas.com,164
704,20648329,Living Off the Land in Linux,gtfobins.github.io,163
290,20740137,No Son of Mine Is Going to Be a Benthamite,www.mcsweeneys.net,163
594,20676949,Extended Validation Certificates Are Really Dead,www.troyhunt.com,162
83,20833198,The Mobility Trap: Why We'll Never Fix Congestion by Speeding Up Traffic,www.strongtowns.org,161
220,20788855,Static Type Checking in Common Lisp,medium.com,161
404,20731383,Interslavic Language,steen.free.fr,161
320,20755339,Startups from Y Combinator’s S19 Demo Day 2,techcrunch.com,161
342,20752671,Announcing Notqmail,schmonz.com,160
806,20610175,Why the French love to say no,www.bbc.com,160
607,20666165,Theories of Error Back-Propagation in the Brain,www.cell.com,160
579,20679954,Black Beekeepers Are Transforming Detroit’s Vacant Lots into Bee Farms (2018),www.huffingtonpost.com,160
341,20748634,GPT-2: 6-Month Follow-Up,openai.com,160
345,20736879,Crossword Panic of 1944,www.historic-uk.com,160
325,20755506,Libspng – C library for reading and writing PNG files,libspng.org,159
252,20774486,Kegan's Theory of the Evolution of Consciousness,tomprof.stanford.edu,159
773,20626500,"Hospital checklists are meant to save lives, so why do they often fail?",www.nature.com,158
13,20834704,Understanding SAT by Implementing a Simple SAT Solver in Python (2014),sahandsaba.com,158
56,20828560,"A deep dive into Linux namespaces, part 4",ifeanyi.co,158
497,20708522,Chemists make first-ever ring of pure carbon,www.nature.com,157
358,20735349,Datacenter Locations Driven by 19th Century Politics,www.linkedin.com,157
732,20640153,Uber Is Biggest Loser as SoftBank Counts IPO Returns,www.bloomberg.com,156
163,20802609,Using bacteria to make self-healing cement,www.thestructuralengineer.info,156
715,20630888,Better Encrypted Group Chat,blog.trailofbits.com,156
846,20602553,Exploring Mathematics with Matplotlib and Python,programmingzen.com,156
502,20701480,Moravec's Paradox,en.wikipedia.org,155
608,20670932,Vibration-minimizing motion retargeting for robotic characters,la.disneyresearch.com,155
746,20636476,Website Builder Webflow (YC S13) Went from Near Bankruptcy to $72M Series A,www.forbes.com,155
763,20620668,Swiss Post Suspends Drone Delivery Service After Second Crash,spectrum.ieee.org,155
166,20800559,Do-It-Yourself OpenJDK Garbage Collector,shipilev.net,155
350,20735270,Patagonia's Philosopher King (2016),www.newyorker.com,154
400,20728715,J can look like APL or English,wjmn.github.io,153
111,20820438,Julia's Release Process,julialang.org,153
609,20668725,Math in Data Science,www.dataquest.io,153
801,20609126,Getting Real About Distributed System Reliability (2012),blog.empathybox.com,152
621,20670176,Don't forget randomness is still just a hypothesis (2006),www.nature.com,152
686,20627274,"History of the broken vertical bar, being the ¦ form of |",www.reddit.com,152
105,20822637,Show HN: I Built a “Google Alerts” for Hacker News,pipedream.com,151
719,20646743,TV detector van,en.wikipedia.org,151
406,20702404,"Two brothers invented an alphabet for their native language, Fulfulde",news.microsoft.com,151
582,20677448,Where will ‘garage orphans’ charge electric cars?,www.theglobeandmail.com,151
799,20615278,How Biotech Startup Funding Will Change in the Next 10 Years,blog.ycombinator.com,150
402,20729115,Ignition: An Informal History of Liquid Rocket Propellants (1972) [pdf],library.sciencemadness.org,150
741,20638158,Wine-dark sea,en.wikipedia.org,150
772,20622540,"10 Years SeL4: Still the Best, Still Getting Better",microkerneldude.wordpress.com,150
605,20668876,When to Shut Down a Startup [video],blog.ycombinator.com,150
317,20758311,CTVT – A contagious cancer that spreads from dog to dog,www.theatlantic.com,149
55,20838955,Ceramics enter a new era with laser-welded joints,arstechnica.com,149
527,20683880,The Shady World of Repair Manuals: Copyrighting for Planned Obsolescence (2012),www.wired.com,149
820,20604566,Open Source Hardware Hearing Aid Part 1,shapr.github.io,148
747,20632227,The Last Working Olivetti Mainframe Sits In a Tuscan High School,spectrum.ieee.org,148
476,20684764,In the beginning was the command line (1999) [pdf],faculty.georgetown.edu,148
315,20760492,"Manufacturers want to quit China for Vietnam, but find it impossible",www.wsj.com,148
418,20726191,Microsoft Has First Major Impact on Chrome,www.thurrott.com,147
767,20620636,Casting Glass from 3D Printed Molds,amosdudley.com,147
647,20661311,DEF CON and Stack Overflow: What Our Traffic Says About Cybersecurity,stackoverflow.blog,147
287,20772272,Geocities Archive,www.geocitiesarchive.org,147
849,20599998,N-Shot Learning: Learning More with Less Data,blog.floydhub.com,147
745,20630595,"Who Did the Math for General Relativity First, Einstein or Hilbert?",medium.com,146
652,20652339,The Rule of 2,chromium.googlesource.com,146
464,20711943,An 'Exosuit' That Boosts Endurance on the Trail,www.npr.org,146
352,20743293,Subsurface – An open source scuba dive logging platform,subsurface-divelog.org,146
447,20724338,"You May Be Better Off Picking Stocks at Random, Study Finds",www.studyfinds.org,146
817,20606884,Goals and Rewards Redraw the Brain’s Map of the World,www.quantamagazine.org,145
860,20601200,FBI: Delivery drivers involved in Amazon theft ring,www.wthr.com,143
670,20657224,Solar Powered Raspberry Pi Camera,kaspars.net,143
825,20605445,Mosquitoes Changed Everything,www.newyorker.com,143
504,20704002,Columnist asked researchers what they could find out from just his cell number,www.nytimes.com,143
770,20626740,A Commercial Path to Fusion,physicsworld.com,142
823,20609201,"StockX was hacked, exposing millions of customers’ data",techcrunch.com,142
137,20804686,Waymo’s Backseat Drivers: Confidential Data Reveals Self-Driving Taxi Hurdles,www.theinformation.com,142
613,20665776,MoviePass reportedly changed passwords to prevent users from seeing films,www.theverge.com,142
439,20712009,“Bicycle of the Mind”,medium.learningbyshipping.com,142
535,20693322,What Germans Are Reading,www.the-american-interest.com,142
619,20667229,Tiny Toy TOTP Generator in 18 Lines of Python,github.com,142
74,20830819,A Molecular Near Miss,isohedral.ca,142
557,20685155,Supercomputers will start building a 3D map of the world,www.c4isrnet.com,141
203,20790456,What Companies Are For,www.economist.com,141
925,20581464,Dwindling CPAN Releases,perlancar.wordpress.com,141
463,20711736,Capital One Cyber Staff Raised Concerns Before Hack,www.wsj.com,141
495,20708298,Trigger a Kernel Panic to Diagnose Unresponsive EC2 Instances,aws.amazon.com,141
804,20615760,Launch HN: Compound (YC S19) – helping employees understand equity compensation,news.ycombinator.com,140
82,20833779,How We Manage a Million Push Notifications an Hour,blog.gojekengineering.com,140
809,20610651,Inventing Monads,blog.kabir.sh,140
84,20829144,Write Fuzzable Code,blog.regehr.org,140
101,20822429,Most software companies ignore user behavior,www.reifyworks.com,139
230,20778980,An Afternoon in Tokyo with the Man Who Designs Casio G-Shock Watches (2017),www.ablogtowatch.com,139
639,20664023,Analyzing the Facebook ads placed by the US presidential candidates,medium.com,139
877,20595194,KIP-500: Replace ZooKeeper with a Self-Managed Metadata Quorum,cwiki.apache.org,139
733,20630489,Side channel that leaked data from Intel CPUs patched by silent Windows update,arstechnica.com,139
142,20803564,Chemists discover water microdroplets spontaneously produce hydrogen peroxide,phys.org,138
378,20739535,Rendering on the Web,developers.google.com,138
642,20658765,Free Software network services and web applications which can be hosted locally,github.com,138
226,20782869,Phytoplankton Population Drops 40 Percent Since 1950 (2010),www.scientificamerican.com,138
525,20674665,Root: CERN's scientific data analysis framework for C++,root.cern.ch,137
467,20716430,The subversive messages hidden in The Wizard of Oz,www.bbc.com,137
280,20771417,Flaws in Cellphone Evidence Prompt Review of 10k Verdicts in Denmark,www.nytimes.com,137
589,20670347,Economist Raj Chetty has found a surprising tool to fight housing segregation,www.vox.com,137
496,20708889,Static Analysis at Scale: An Instagram Story,instagram-engineering.com,137
479,20710894,Camera vs. Lidar,scale.com,137
857,20596697,How Digital Advertising Markets Really Work,prospect.org,137
329,20758204,Security flaws caused by compiler optimizations,www.redhat.com,136
110,20812559,How Web Content Can Affect Power Usage,webkit.org,136
916,20574182,Music Recommendations in Hyperbolic Space,arxiv.org,136
443,20714127,A Deep Dive into AMD’s Rome Epyc Architecture,www.nextplatform.com,135
106,20823339,16-bit RISC-V processor made with carbon nanotubes,arstechnica.com,135
77,20830726,Show HN: Real world (Jupyter notebook embed) way to assess data scientists,www.hackerrank.com,134
171,20801512,Launch HN: Memfault (YC W19) – Crashlytics for Firmware,news.ycombinator.com,134
239,20785100,A person has died from a vaping-related condition,techcrunch.com,133
29,20837246,Linux Pressure Stall Information (PSI) by Example,unixism.net,132
891,20590439,How to Write a Lisp Interpreter In Python (2010),norvig.com,132
147,20805246,Processor Design: An Introduction (1998),www.gamezero.com,131
193,20792370,Adventure in Prolog Tutorial (2016),www.amzi.com,131
832,20599230,Show HN: Purely Functional Scripting,github.com,131
141,20796160,Clever Functional Design,ferd.ca,130
58,20837553,Google begins penalising domain leasing,www.seroundtable.com,130
879,20596304,Building a Programming Language Pt. 3 – Interpreting,drew.ltd,129
709,20633780,Sentient: Classified artificial brain being developed by US intelligence,www.theverge.com,129
44,20831220,Live Avatars with face-api.js,blog.pragli.com,128
254,20772892,India’s Messy Electric Vehicle Revolution,www.nytimes.com,128
774,20627137,Launch HN: Lang (YC S19) – Internationalization Built for Devs,news.ycombinator.com,128
689,20651233,I Tried Hiding from Big Tech in a Pile of Privacy Gadgets,www.bloomberg.com,127
465,20712040,Pokemonsay: Pokemon Version of Cowsay,github.com,127
188,20794407,Cowrie: a medium-interaction SSH and Telnet honeypot,github.com,127
643,20661368,Energy Storage Investments Boom as Battery Costs Halve in the Next Decade,about.bnef.com,127
445,20721433,Effortless Elixir Releases and Deployment,alchemist.camp,127
587,20671306,Which Categories of Seed Startups Are Thriving? Which Aren't?,tomtunguz.com,126
353,20747736,Hydrophilic disc uses solar power to separate salt from water,newatlas.com,126
218,20786982,Learning to prove theorems via interacting with proof assistants,blog.acolyer.org,126
869,20599190,Dark Matter Developers: The Unseen 99% (2012),www.hanselman.com,126
565,20686431,Urgent/11 – Zero Day Vulnerabilities Impacting VxWorks,armis.com,125
669,20653485,"Huntington Park’s “RoboCop” stores pedestrians’ faces, scans license plates",www.muckrock.com,125
319,20761113,CERN Open Data Portal: Explore more than 2 PB of open data from particle physics,opendata.cern.ch,125
415,20732238,Getting Started with Lisp in 2019,smalldata.tech,125
853,20602281,What Is Null? (2010),wiki.c2.com,125
79,20833030,Misinterpreting hurricane forecasts,www.nytimes.com,125
776,20614672,Scale (YC S16) Raises $100M from Accel and Founders Fund at $1B Valuation,www.bloomberg.com,125
744,20631407,Programming Algorithms in Lisp: Data Structures,lisp-univ-etc.blogspot.com,124
829,20606213,"In Pentagon Contract Fight, Amazon Has Foes in High Places",www.nytimes.com,124
848,20596655,Rome Is the Fulcrum of AMD’s Datacenter Pivot,www.nextplatform.com,123
706,20643535,How to Get into Farming with No Money (1980),smallfarmersjournal.com,123
265,20776094,Phone Companies Ink Deal With All 50 States And D.C. To Combat Robocalls,www.npr.org,123
172,20798874,Fast Tensors in Clojure – A Sneak Peek,dragan.rocks,122
192,20795211,How the Great Truth Dawned,www.newcriterion.com,122
76,20830155,FileKit: An open source end-to-end encrypted cloud storage service in JavaScript,github.com,122
858,20597282,Would you accept cheaper rent in exchange for a monthly Amazon purchasing quota?,alexdanco.com,121
146,20805613,Duckling: a Clojure library that parses text into structured data,duckling.wit.ai,121
530,20692553,Mitre Systems Engineering Guide (2014) [pdf],www.mitre.org,121
536,20692288,Texas Power Prices Briefly Surpass $9k Amid Scorching Heat,www.bloomberg.com,120
617,20666036,Amazon's Plan to Conquer the World of Publishing,www.theatlantic.com,120
500,20708596,Toptal sues co-founder Breanden Beneschott for fraud,www.pacermonitor.com,120
578,20679143,Finding Amelia Earhart’s Plane Seemed Impossible – Then Came a Startling Clue,www.nytimes.com,119
228,20786399,30 years ago: Voyager 2's historic Neptune flyby,phys.org,119
569,20683212,MesaPy: A Memory-Safe Python Implementation based on PyPy (2018),github.com,119
327,20757801,Trails of Wind: Data Visualization of the Architecture of Airport Runways,trailsofwind.figures.cc,118
22,20828936,Show HN: ShapeForm – Schema Driven Forms for React,github.com,118
885,20595345,Network Effects That Don’t Look Like Network Effects,a16z.com,117
850,20602407,Germany Turns to Hydrogen in Quest for Clean Energy Economy,www.bloomberg.com,117
561,20684656,"If you want developers to adopt your software, make it less risky (2017)",www.reifyworks.com,117
291,20764155,Why the U.S. Army Owns So Many Fossils,www.atlasobscura.com,116
458,20718982,Exploring DNA with Deep Learning,blog.floydhub.com,116
562,20681425,How the Pentagon Comes Up with Code Words and Secret Project Nicknames,www.thedrive.com,116
11,20843958,A Simulated Enigma Machine,observablehq.com,116
835,20606230,On Building My Own Artificial Pancreas,liamz.co,115
914,20588809,Machine Learning That’s Light Enough for an Arduino,spectrum.ieee.org,115
768,20620762,Unshaky – Tries to address double key press issue on Apple's butterfly keyboard,github.com,115
919,20579744,ZRNA – Software-defined analog circuits,zrna.org,115
822,20603650,Simple RPC framework in 300 lines of Go,github.com,115
234,20787848,A Codebase Is an Organism (2014),meltingasphalt.com,115
833,20578976,The perfect language and why Go still isn't it,www.snazz.xyz,114
323,20753708,Hundreds of people died over a millennium at “Skeleton Lake” in the Himalayas,www.vice.com,114
478,20716963,All Tridactyl installations might get removed by Firefox on Aug 21,github.com,114
748,20631969,Divers Find Remains of Ancient Temple in Sunken Egyptian City,www.livescience.com,114
436,20721312,Free and open-source tools for analog filmmaking,sixteenmillimeter.com,114
81,20820609,API Gateway Identity Crisis – are they replaced by service mesh?,medium.com,113
477,20712391,I started an online subscription business from Malaysia,www.starterstory.com,113
743,20623545,Lifehacker: Tarek Loubani on 3D-Printing in Gaza,logicmag.io,113
644,20661495,Our Brains Tell Stories So We Can Live (2013),nautil.us,113
217,20789226,"Capturing PAL video with an SDR, and a few dead ends",www.windytan.com,113
910,20573454,Solving differential equations on a 6502 with Woz's floating point code,github.com,112
739,20624212,Computer Stupidities (2013),rinkworks.com,112
383,20742329,A look back: The Bloomberg Keyboard (2017),www.bloomberg.com,112
818,20607416,Jupiter: RISC-V Assembler and Runtime Simulator,github.com,112
640,20658816,42 Hours of Buckminster Fuller might be just the vision we need,cdm.link,112
529,20696690,Project Mu – A modular UEFI environment for building modern devices,microsoft.github.io,112
928,20580017,The High Price of Multitasking,www.nytimes.com,111
803,20609750,Curve fitting A: Linear Least Squares,terpconnect.umd.edu,111
385,20735353,Handler beliefs affect scent detection dog outcomes (2011),link.springer.com,110
54,20837470,Sipeed Longan Nano – RISC-V Development Board,www.seeedstudio.com,110
249,20779977,The difference between isolation levels and consistency levels,dbmsmusings.blogspot.com,110
909,20588112,Detailed 3D map of Milky Way shows 'warped' shape,www.theguardian.com,110
292,20764937,Map Design – a guide to good looking maps (2008) [pdf],orienteering.asn.au,110
65,20818537,No Silver Bullet (1986) [pdf],worrydream.com,110
446,20721825,Armoured Commander: The WWII Tank Commander Roguelike,www.armouredcommander.com,109
144,20801023,How the brain 'approximates' without counting,medicalxpress.com,109
388,20734497,SoftBank plans to lend $20B to its CEO and employees amid volatile markets,mazech.com,109
559,20666371,The HP Way: How Bill Hewlett and I Built Our Company (1960),gizmodo.com,109
48,20838790,How to Build a Pyramid,analog-antiquarian.net,108
826,20607042,How to get consistent results when benchmarking on Linux?,easyperf.net,108
50,20835126,How to Teach an Iris Scanner That the Eye It’s Looking at Is Dead,spectrum.ieee.org,108
526,20691577,Building a vacuum tube computer,www.ludd.ltu.se,107
261,20770228,Portugal’s Marmelada Tastes Nothing Like Marmalade (2018),www.atlasobscura.com,107
886,20596295,SpaCy PyTorch Transformers,explosion.ai,106
347,20752611,Real world location virtually recreated to scale in minutes [video],nwn.blogs.com,106
139,20811936,Show HN: Dat-keyserver: a distributed PGP keyserver based on the Dat protocol,github.com,106
179,20789755,"Karel Čapek's play ""R.U.R."" premiered in January 1921",thereader.mitpress.mit.edu,106
807,20602322,Apple Card restrictions include no jailbreaking or cryptocurrency purchases,www.theverge.com,106
417,20728583,The Grand C++ Error Explosion Competition,tgceec.tumblr.com,106
563,20666752,Turkmenistan on the brink of collapse?,edition.cnn.com,106
223,20788775,A profile of Geoffrey Hinton (2018),torontolife.com,105
533,20698985,Scientists reverse aging process in rat brain stem cells,medicalxpress.com,105
628,20666196,"Show HN: Cordless, a Discord terminal client written in Go",github.com,105
612,20655381,"100 Years Ago, a Telephone Tower in Stockholm Connected 5000 Phone Lines (2014)",twistedsifter.com,104
259,20774739,Japanese architects who treated buildings like living organisms,www.artsy.net,103
296,20759890,A recent paper proposes to bring zeppelins back,www.nbcnews.com,103
627,20658584,J-Core Open Processor,j-core.org,103
138,20811372,Presidio: Customizable data protection and PII data anonymization service,github.com,103
25,20835683,The Survival of Iggy Pop,www.newyorker.com,103
42,20839478,BPF port-based firewall for systemd services,kailueke.gitlab.io,103
199,20785204,Marree Man,en.wikipedia.org,103
384,20734142,The D-Day rehearsal that cost 800 lives (2014),www.bbc.com,103
889,20565559,Ray tracing with uLisp,www.ulisp.com,102
354,20745142,Show HN: A few simple games not only for kids,easylang.online,102
862,20600682,Why Everyone Hates Customer Service,www.wsj.com,102
626,20666860,Commodore 900,www.floodgap.com,102
734,20638834,QualPwn – Exploiting Qualcomm WLAN and Modem over the Air,blade.tencent.com,102
112,20814857,Study identifies main culprit behind lithium metal battery failure,jacobsschool.ucsd.edu,101
440,20722833,With friends like these,blogs.perl.org,101
508,20709563,YouTube’s LGBTQ Problem Is a Business-Model Problem,onezero.medium.com,101
716,20621534,Suburb in the sky: how Jakartans built an entire village on top of a mall,www.theguardian.com,101
717,20641500,Circulating in China’s Financial System: More Than $200B in I.O.U.s,www.nytimes.com,101
116,20821847,The Death of Alexander the Great: One of History's Great Unsolved Mysteries,lithub.com,101
255,20756839,The 'microworkers' making digital life possible,www.bbc.co.uk,100
197,20792472,Keyringless GnuPG,nullprogram.com,100
176,20799878,The Perfect French Baguette,www.bbc.com,100
113,20818184,Shipping wind turbines is not a breeze,www.freightwaves.com,99
908,20587902,Iron Age Celtic Woman Was Buried in a Hollowed-Out Tree Trunk,www.smithsonianmag.com,99
442,20717224,The Biggest Mistakes First-Time Founders Make [video],blog.ycombinator.com,99
834,20603968,Boeing changing Max software to use two computers,news.yahoo.com,99
267,20776220,Empty trains on the modern Silk Road: when Belt and Road interests don’t align,pandapawdragonclaw.blog,98
531,20689275,Wavelets (1994) [pdf],cybertester.com,98
852,20597965,Who Did the Maya Sacrifice?,www.economist.com,98
268,20767130,A Guide to Magnetorquers for Satellites,blog.satsearch.co,97
262,20780504,Mobile NixOS: The Present and the Future,samuel.dionne-riel.com,97
532,20671602,NEC shows ‘flying car’ hovering steadily for minute,www.apnews.com,97
16,20836664,Quantum radar has been demonstrated for the first time,www.technologyreview.com,96
590,20656618,"Ear Speakers – Research, Design, and Evolution",www.valvesoftware.com,96
207,20780089,Wasm vs. PNaCl Performance Benchmark,www.pdftron.com,96
924,20588039,Evolving Lindenmayer Systems,jobtalle.com,96
114,20815558,Show HN: Repository of open source space-related software and hardware,github.com,96
169,20786880,I love my paper dictionary (2017),austinkleon.com,96
779,20620772,Darpa wants help cracking the election security problem,www.fifthdomain.com,96
777,20619096,The Fed is getting into the Real-Time payments business,www.cnn.com,96
157,20796781,Woman Finds Yellow Diamond While Watching YouTube Video on How to Find Diamonds,gizmodo.com,95
895,20592703,Amazon will pull the plug on dash buttons,www.marketwatch.com,95
419,20731489,Problem Solving and Clojure 1.9 (2018),github.com,95
610,20669465,A new book asserts that rich countries grow with lighter environmental impacts,www.technologyreview.com,94
434,20726922,"Animal movies promote awareness, not harm, say researchers",www.ox.ac.uk,94
622,20669388,2019 Hyundai Kona EV Explodes When Parked,www.thedrive.com,94
410,20724043,The League of Entropy Is Making Randomness Truly Random,onezero.medium.com,94
923,20580131,A Transparent Display with Per-Pixel Color and Opacity Control,dl.acm.org,94
898,20591231,The “Terrascope”: On the Possibility of Using the Earth as an Atmospheric Lens,arxiv.org,93
15,20843940,Humans Dominated Earth Earlier Than Previously Thought,www.nytimes.com,93
168,20801168,Fuzzification: Anti-Fuzzing Techniques [pdf],www.usenix.org,93
7,20848926,What Is Zoned Storage and the Zoned Storage Initiative?,blog.westerndigital.com,93
196,20794630,Webmin 1.890 Exploit – What Happened?,www.webmin.com,92
18,20834125,Scaling Static Analyses at Facebook,cacm.acm.org,92
501,20683177,The death of a weather satellite as seen by SDR,hackaday.com,92
671,20658214,Holidays are good for workers and companies alike,www.economist.com,92
387,20734743,Richard Sorge: The Soviet Union’s Master Spy,www.spectator.co.uk,91
657,20660709,Debunking the Stanford Prison Experiment [pdf],psyarxiv.com,91
412,20730851,"Marium, the Dugong Who Charmed Thailand, Dies After Ingesting Plastic",www.npr.org,91
14,20848153,Simple Python Package to Extract Deep Learning Features,chsasank.github.io,91
837,20602560,Massive ‘ocean’ discovered towards Earth’s core (2014),www.newscientist.com,90
232,20764982,DEF CON 2019 – CTF Retrospective,dttw.tech,90
472,20713408,Kdevops: Framework for setting up and testing the Linux kernel for any project,people.kernel.org,90
828,20603300,"Simple, pure, and total functional language that generalizes Datalog",www.rntz.net,90
800,20618850,Continuous 3D Printing Possible With Transparent Polygon Scanning?,www.fabbaloo.com,90
351,20737073,Could Removing Social Media Metrics Reduce Polarization?,onezero.medium.com,89
863,20597367,"Roaring glacial melt under the bridge to Kangerlussiauq, Greenland",twitter.com,89
269,20772325,The New Treasures of Pompeii,www.smithsonianmag.com,89
584,20679755,SEC Investigating Data Leak at First American Financial Corp,krebsonsecurity.com,89
827,20603595,The OpenBSD Ada Library,verisimilitudes.net,88
625,20657798,Don't Say “Homoiconic” (2018),www.expressionsofchange.org,88
685,20650723,US Air Force pauses flights for over a hundred C-130s over ‘atypical’ cracking,www.defensenews.com,88
654,20661783,I am a horse in the land of booleans,iloveponies.github.io,87
711,20631044,We may not be running out of helium after all (2015),newatlas.com,87
560,20690144,Launch HN: Shift Health (YC S19) – Understand Your Healthcare Costs Pre-Visit,news.ycombinator.com,86
104,20822710,SmartyKit Apple I replica,apple1.smartykit.org,85
861,20585637,Gerbil – A meta-dialect of Scheme,cons.io,85
929,20580875,Hawaii Extends Thirty Meter Telescope Permit Amid Protests,www.npr.org,85
57,20835082,GM Is Now Detroit’s Smallest Auto-Making Employer,www.bloomberg.com,84
624,20666427,The Dipole Drive: A New Concept in Space Propulsion,arc.aiaa.org,84
88,20828281,Universal algorithm set to boost microscopes,actu.epfl.ch,83
380,20736931,"Fearing data privacy issues, Google cuts some Android phone data for carriers",www.reuters.com,83
45,20828306,Robotic thread is designed to slip through the brain's blood vessels,techxplore.com,82
888,20577992,Vickrey–Clarke–Groves Auction,en.wikipedia.org,82
867,20591771,Prolog Control in Six Slides,www.t3x.org,82
26,20837157,Opinion piece on GHC back ends,andreaspk.github.io,81
117,20815786,Entropic: A federated package registry for anything,github.com,81
830,20603378,CBOR – Concise Binary Object Representation,cbor.io,81
448,20724363,Can we survive technology? (1955) [pdf],geosci.uchicago.edu,80
868,20599835,"Cassettes Are Back, and It’s Not About the Music",www.bloomberg.com,80
620,20667889,Paul Dirac: The Mozart of Science (2008),www.ias.edu,79
52,20840382,In praise of xlogo,simont.dreamwidth.org,78
651,20663471,Show HN: Historical order book reconstruction API for crypto markets,tardis.dev,78
462,20720170,Arcs of Seniority,www.stevanpopovic.com,78
224,20785922,The Long Game of Research,cacm.acm.org,77
298,20758939,A Look at HS2's Old Oak Common Station,www.ianvisits.co.uk,77
119,20820795,How Judy arrays work and why they are so fast (2002),judy.sourceforge.net,77
856,20595775,Mining Bitcoin on an Apple II,www.twitch.tv,77
213,20788671,Unearthing a masterpiece: a rare Minoan sealstone (2017),magazine.uc.edu,76
28,20848698,Golden Ratio,www.melted.design,76
297,20763892,Show HN: pgcmd – An alternative to psql with JSON output,github.com,76
838,20606826,Reviving an HP 660LX in 2019,blog.presidentbeef.com,75
86,20828356,SSB Rooms: a new server type for Scuttlebutt,www.manyver.se,75
926,20581085,Implementing Poincaré Embeddings (2017),rare-technologies.com,74
599,20667097,Extending OCaml Programs with Lua,blog.baturin.org,74
866,20600138,"Container Networking with Vxlan, BGP and WireGuard",www.flockport.com,74
178,20796871,A Fine Map from Alexander von Humboldt (1851),longstreet.typepad.com,73
649,20653015,New research on PTSD in elephants and other animals,www.cbc.ca,73
864,20593640,“Awakenings” in Advanced Dementia Patients Hint at Untapped Brain Reserves,www.scientificamerican.com,73
539,20692420,Recycling of plastics enabled by dynamic covalent diketoenamine bonds (2018) [pdf],ipo.lbl.gov,72
87,20828751,Show HN: Data-viz project for ray-tracing the Moon model,github.com,72
653,20663572,Five new Real-Time detections of fast radio bursts with UTMOST,academic.oup.com,71
658,20660285,LucidScience – Electronic Projects and Tutorials,lucidscience.com,71
118,20807177,What are children dying from and what can we do about it?,ourworldindata.org,71
687,20649495,A Conversation with the Team That Made Bread with Ancient Egyptian Yeast,www.eater.com,70
713,20639862,Air Force Reveals Tests of Supposed Record-Setting Scramjet from N. Grumman,www.thedrive.com,70
233,20776120,The Decline of College Newspapers,www.theatlantic.com,68
505,20693494,Which Is the Best John Le Carré Novel? (2014),www.newyorker.com,68
865,20596896,"Dreaming about Better Sleep: Dreem, Oura and the Rest",medium.com,68
20,20843560,Penn Effect,en.wikipedia.org,68
598,20671160,Hall’s Law: The Nineteenth Century Prequel to Moore’s Law (2012),www.ribbonfarm.com,67
408,20732326,Volcanoes on the Moon May Have Erupted During the Dinosaur Age (2014),www.space.com,67
679,20658529,The World’s Smartest Chimp Has Died,www.nytimes.com,67
414,20728911,Smart plastic incineration posited as solution to global recycling crisis,eandt.theiet.org,67
202,20782510,Kei – A small and expressive dependent language,github.com,67
201,20795723,Freshermeat – Open-Source Security Software,open-source-security-software.net,67
19,20828775,Engineers build advanced microprocessor out of carbon nanotubes,phys.org,66
920,20575049,A New York Farm Stand’s Success: An Eye for the Next Big Thing,www.nytimes.com,66
59,20829156,Disneyland’s Disastrous Opening Day (2015),www.history.com,66
177,20793210,A Z-Machine in OCaml (2016),ericlippert.com,64
208,20780824,Quantum Air buys Bye's electric airplanes,aopa.org,64
27,20840622,Famous Graphics Chips: Microsoft’s Talisman,www.computer.org,64
51,20827046,Engineers develop bone-like metal foam that can be 'healed' at room temperature,phys.org,64
381,20733699,Using the Golden Research Engine to Query the Y Combinator S19 Batch,golden.com,63
859,20592029,A mosque rebuilt once a year,www.bbc.com,62
438,20726809,Flying with Miniature Horses,www.nytimes.com,62
225,20782854,The Oral History of the Super Soaker,melmagazine.com,62
205,20783166,A Trailblazing Plan to Fight California Wildfires,www.newyorker.com,61
209,20784210,Show HN: Firestorm – An ORM for Firestore,github.com,59
206,20792995,Programming shape using kirigami tessellations,phys.org,58
855,20582387,Potosí: the mountain of silver that was the first global city,aeon.co,57
897,20573700,An Ancient Egypt-to-Black Sea Route? Adventurers to Test Theory,phys.org,57
854,20600722,Exploring the Visible Spectrum in Python,www.codedrome.com,56
416,20724231,General Balanced Trees (1999) [pdf],user.it.uu.se,55
411,20723270,Using Wall Street secrets to reduce the cost of cloud infrastructure,techxplore.com,55
235,20775825,Rediscovering rules for ancient board games,www.vice.com,54
714,20641045,On the Road in 1980,standpointmag.co.uk,52
409,20710009,The Software Arts,news.ucsc.edu,51
23,20848429,Making Web-Workers Async Iterables,github.com,49
659,20663028,Show HN: Quark-IDE and a JavaScript runtime to build cross-platform desktop apps,quarkjs.io,48
221,20782896,"Environment and the programming language Self, part 4",blog.rfox.eu,47
204,20791125,The lost Doves Press typeface and its revival (2015),gizmodo.com,47
382,20739254,Early Years of Computer Gaming: Steve Russell and Nolan Bushnell (2002) [video],www.youtube.com,44
386,20734229,The quest to conquer Earth’s space junk problem (2018),www.nature.com,43
509,20679253,Swadesh List,en.wikipedia.org,42
449,20701261,Salvator Mundi and the unreality of the art market,www.the-tls.co.uk,42
